"ONTOLOGY","ID","Description","GeneRatio","BgRatio","pvalue","p.adjust","qvalue","geneID","Count"
"BP","GO:0043171","peptide catabolic process","2/7","23/11561",7.90288024647376e-05,0.0234715543320271,0.0145579372961359,"CTSH/ACE",2
"BP","GO:0016079","synaptic vesicle exocytosis","2/7","94/11561",0.0013376364077252,0.0951381911014321,0.0590082702206295,"DOC2A/STX4",2
"BP","GO:0002444","myeloid leukocyte mediated immunity","3/7","480/11561",0.00219660356174233,0.0951381911014321,0.0590082702206295,"CTSH/STX4/ACE",3
"BP","GO:1903305","regulation of regulated secretory pathway","2/7","135/11561",0.00273535583075046,0.0951381911014321,0.0590082702206295,"DOC2A/STX4",2
"BP","GO:0007269","neurotransmitter secretion","2/7","143/11561",0.003063329259204,0.0951381911014321,0.0590082702206295,"DOC2A/STX4",2
"BP","GO:0099643","signal release from synapse","2/7","143/11561",0.003063329259204,0.0951381911014321,0.0590082702206295,"DOC2A/STX4",2
"BP","GO:0099504","synaptic vesicle cycle","2/7","160/11561",0.00381898521273656,0.0951381911014321,0.0590082702206295,"DOC2A/STX4",2
"BP","GO:0016485","protein processing","2/7","174/11561",0.00450053764727171,0.0951381911014321,0.0590082702206295,"CTSH/ACE",2
"BP","GO:0099003","vesicle-mediated transport in synapse","2/7","179/11561",0.00475677590093313,0.0951381911014321,0.0590082702206295,"DOC2A/STX4",2
"BP","GO:0017157","regulation of exocytosis","2/7","186/11561",0.005126760607003,0.0951381911014321,0.0590082702206295,"DOC2A/STX4",2
"BP","GO:0006836","neurotransmitter transport","2/7","193/11561",0.00550979498718148,0.0951381911014321,0.0590082702206295,"DOC2A/STX4",2
"BP","GO:0001505","regulation of neurotransmitter levels","2/7","198/11561",0.00579133378027332,0.0951381911014321,0.0590082702206295,"DOC2A/STX4",2
"BP","GO:0002002","regulation of angiotensin levels in blood","1/7","10/11561",0.00604071392334316,0.0951381911014321,0.0590082702206295,"ACE",1
"BP","GO:0002003","angiotensin maturation","1/7","10/11561",0.00604071392334316,0.0951381911014321,0.0590082702206295,"ACE",1
"BP","GO:0016264","gap junction assembly","1/7","10/11561",0.00604071392334316,0.0951381911014321,0.0590082702206295,"ACE",1
"BP","GO:0048875","chemical homeostasis within a tissue","1/7","10/11561",0.00604071392334316,0.0951381911014321,0.0590082702206295,"CTSH",1
"BP","GO:0019882","antigen processing and presentation","2/7","209/11561",0.00643385255175379,0.0951381911014321,0.0590082702206295,"CTSH/ACE",2
"BP","GO:0042447","hormone catabolic process","1/7","11/11561",0.00664306133937087,0.0951381911014321,0.0590082702206295,"ACE",1
"BP","GO:0051024","positive regulation of immunoglobulin secretion","1/7","11/11561",0.00664306133937087,0.0951381911014321,0.0590082702206295,"STX4",1
"BP","GO:0098814","spontaneous synaptic transmission","1/7","12/11561",0.0072450958476501,0.0951381911014321,0.0590082702206295,"DOC2A",1
"BP","GO:0051604","protein maturation","2/7","225/11561",0.00742464521412451,0.0951381911014321,0.0590082702206295,"CTSH/ACE",2
"BP","GO:0003084","positive regulation of systemic arterial blood pressure","1/7","13/11561",0.00784681758365002,0.0951381911014321,0.0590082702206295,"ACE",1
"BP","GO:0017014","protein nitrosylation","1/7","13/11561",0.00784681758365002,0.0951381911014321,0.0590082702206295,"ACE",1
"BP","GO:0018119","peptidyl-cysteine S-nitrosylation","1/7","13/11561",0.00784681758365002,0.0951381911014321,0.0590082702206295,"ACE",1
"BP","GO:0001822","kidney development","2/7","248/11561",0.00896383371880844,0.0951381911014321,0.0590082702206295,"CTSH/ACE",2
"BP","GO:0031629","synaptic vesicle fusion to presynaptic active zone membrane","1/7","15/11561",0.00904932328045771,0.0951381911014321,0.0590082702206295,"STX4",1
"BP","GO:0099500","vesicle fusion to plasma membrane","1/7","15/11561",0.00904932328045771,0.0951381911014321,0.0590082702206295,"STX4",1
"BP","GO:0072001","renal system development","2/7","254/11561",0.00938734044649853,0.0951381911014321,0.0590082702206295,"CTSH/ACE",2
"BP","GO:0001991","regulation of systemic arterial blood pressure by circulatory renin-angiotensin","1/7","16/11561",0.0096501075119696,0.0951381911014321,0.0590082702206295,"ACE",1
"BP","GO:2000010","positive regulation of protein localization to cell surface","1/7","16/11561",0.0096501075119696,0.0951381911014321,0.0590082702206295,"STX4",1
"BP","GO:0035493","SNARE complex assembly","1/7","17/11561",0.0102505795126122,0.0951381911014321,0.0590082702206295,"STX4",1
"BP","GO:0097067","cellular response to thyroid hormone stimulus","1/7","17/11561",0.0102505795126122,0.0951381911014321,0.0590082702206295,"CTSH",1
"BP","GO:0051023","regulation of immunoglobulin secretion","1/7","18/11561",0.0108507394176202,0.0976566547585814,0.0605703157283422,"STX4",1
"BP","GO:0071425","hematopoietic stem cell proliferation","1/7","19/11561",0.0114505873621817,0.10002424842847,0.0620387860180125,"ACE",1
"BP","GO:0048305","immunoglobulin secretion","1/7","20/11561",0.0120501234814389,0.100615158579307,0.0624052906304405,"STX4",1
"BP","GO:0001655","urogenital system development","2/7","291/11561",0.0121957767974918,0.100615158579307,0.0624052906304405,"CTSH/ACE",2
"BP","GO:0031954","positive regulation of protein autophosphorylation","1/7","22/11561",0.0132482607843701,0.102147863446735,0.0633559316079339,"ACE",1
"BP","GO:0003081","regulation of systemic arterial blood pressure by renin-angiotensin","1/7","23/11561",0.0138468622380934,0.102147863446735,0.0633559316079339,"ACE",1
"BP","GO:0097066","response to thyroid hormone","1/7","23/11561",0.0138468622380934,0.102147863446735,0.0633559316079339,"CTSH",1
"BP","GO:0050482","arachidonic acid secretion","1/7","24/11561",0.0144451524066089,0.102147863446735,0.0633559316079339,"ACE",1
"BP","GO:0060441","epithelial tube branching involved in lung morphogenesis","1/7","24/11561",0.0144451524066089,0.102147863446735,0.0633559316079339,"CTSH",1
"BP","GO:1903963","arachidonate transport","1/7","24/11561",0.0144451524066089,0.102147863446735,0.0633559316079339,"ACE",1
"BP","GO:0043302","positive regulation of leukocyte degranulation","1/7","25/11561",0.0150431314248245,0.103429617973022,0.0641509237826648,"STX4",1
"BP","GO:2001233","regulation of apoptotic signaling pathway","2/7","342/11561",0.0166055945248592,0.103429617973022,0.0641509237826648,"CTSH/STX4",2
"BP","GO:0035774","positive regulation of insulin secretion involved in cellular response to glucose stimulus","1/7","28/11561",0.0168352029260432,0.103429617973022,0.0641509237826648,"STX4",1
"BP","GO:1901889","negative regulation of cell junction assembly","1/7","28/11561",0.0168352029260432,0.103429617973022,0.0641509237826648,"ACE",1
"BP","GO:0016486","peptide hormone processing","1/7","30/11561",0.0180283639798859,0.103429617973022,0.0641509237826648,"ACE",1
"BP","GO:0018198","peptidyl-cysteine modification","1/7","30/11561",0.0180283639798859,0.103429617973022,0.0641509237826648,"ACE",1
"BP","GO:0140448","signaling receptor ligand precursor processing","1/7","30/11561",0.0180283639798859,0.103429617973022,0.0641509237826648,"ACE",1
"BP","GO:0017158","regulation of calcium ion-dependent exocytosis","1/7","32/11561",0.0192202836663304,0.103429617973022,0.0641509237826648,"DOC2A",1
"BP","GO:0002888","positive regulation of myeloid leukocyte mediated immunity","1/7","33/11561",0.0198157783331998,0.103429617973022,0.0641509237826648,"STX4",1
"BP","GO:0071709","membrane assembly","1/7","33/11561",0.0198157783331998,0.103429617973022,0.0641509237826648,"STX4",1
"BP","GO:2000008","regulation of protein localization to cell surface","1/7","35/11561",0.021005837986666,0.103429617973022,0.0641509237826648,"STX4",1
"BP","GO:0001990","regulation of systemic arterial blood pressure by hormone","1/7","36/11561",0.0216004032420966,0.103429617973022,0.0641509237826648,"ACE",1
"BP","GO:0045777","positive regulation of blood pressure","1/7","36/11561",0.0216004032420966,0.103429617973022,0.0641509237826648,"ACE",1
"BP","GO:0001974","blood vessel remodeling","1/7","37/11561",0.0221946589624704,0.103429617973022,0.0641509237826648,"ACE",1
"BP","GO:0002639","positive regulation of immunoglobulin production","1/7","37/11561",0.0221946589624704,0.103429617973022,0.0641509237826648,"STX4",1
"BP","GO:0032309","icosanoid secretion","1/7","37/11561",0.0221946589624704,0.103429617973022,0.0641509237826648,"ACE",1
"BP","GO:0044091","membrane biogenesis","1/7","38/11561",0.0227886052820873,0.103429617973022,0.0641509237826648,"STX4",1
"BP","GO:0031952","regulation of protein autophosphorylation","1/7","39/11561",0.0233822423352004,0.103429617973022,0.0641509237826648,"ACE",1
"BP","GO:0038083","peptidyl-tyrosine autophosphorylation","1/7","39/11561",0.0233822423352004,0.103429617973022,0.0641509237826648,"ACE",1
"BP","GO:0001913","T cell mediated cytotoxicity","1/7","41/11561",0.0245685891786983,0.103429617973022,0.0641509237826648,"CTSH",1
"BP","GO:0071715","icosanoid transport","1/7","41/11561",0.0245685891786983,0.103429617973022,0.0641509237826648,"ACE",1
"BP","GO:1901571","fatty acid derivative transport","1/7","41/11561",0.0245685891786983,0.103429617973022,0.0641509237826648,"ACE",1
"BP","GO:0002446","neutrophil mediated immunity","2/7","430/11561",0.0256011167173735,0.103429617973022,0.0641509237826648,"CTSH/ACE",2
"BP","GO:0036230","granulocyte activation","2/7","436/11561",0.0262753409009635,0.103429617973022,0.0641509237826648,"CTSH/STX4",2
"BP","GO:0031648","protein destabilization","1/7","44/11561",0.0263457932988301,0.103429617973022,0.0641509237826648,"CTSH",1
"BP","GO:0060425","lung morphogenesis","1/7","44/11561",0.0263457932988301,0.103429617973022,0.0641509237826648,"CTSH",1
"BP","GO:0061178","regulation of insulin secretion involved in cellular response to glucose stimulus","1/7","44/11561",0.0263457932988301,0.103429617973022,0.0641509237826648,"STX4",1
"BP","GO:0003044","regulation of systemic arterial blood pressure mediated by a chemical signal","1/7","45/11561",0.0269375775696394,0.103429617973022,0.0641509237826648,"ACE",1
"BP","GO:0043300","regulation of leukocyte degranulation","1/7","45/11561",0.0269375775696394,0.103429617973022,0.0641509237826648,"STX4",1
"BP","GO:0010817","regulation of hormone levels","2/7","443/11561",0.0270714270355917,0.103429617973022,0.0641509237826648,"STX4/ACE",2
"BP","GO:0050435","amyloid-beta metabolic process","1/7","46/11561",0.0275290535124157,0.103429617973022,0.0641509237826648,"ACE",1
"BP","GO:0060627","regulation of vesicle-mediated transport","2/7","452/11561",0.0281098722223817,0.103429617973022,0.0641509237826648,"DOC2A/STX4",2
"BP","GO:1903078","positive regulation of protein localization to plasma membrane","1/7","47/11561",0.0281202212610404,0.103429617973022,0.0641509237826648,"STX4",1
"BP","GO:1903307","positive regulation of regulated secretory pathway","1/7","47/11561",0.0281202212610404,0.103429617973022,0.0641509237826648,"STX4",1
"BP","GO:0030335","positive regulation of cell migration","2/7","453/11561",0.0282262840929827,0.103429617973022,0.0641509237826648,"CTSH/STX4",2
"BP","GO:0043299","leukocyte degranulation","2/7","465/11561",0.0296391582660608,0.103429617973022,0.0641509237826648,"CTSH/STX4",2
"BP","GO:0017156","calcium-ion regulated exocytosis","1/7","50/11561",0.0298918766801171,0.103429617973022,0.0641509237826648,"DOC2A",1
"BP","GO:0061098","positive regulation of protein tyrosine kinase activity","1/7","50/11561",0.0298918766801171,0.103429617973022,0.0641509237826648,"ACE",1
"BP","GO:2000147","positive regulation of cell motility","2/7","469/11561",0.0301166139457878,0.103429617973022,0.0641509237826648,"CTSH/STX4",2
"BP","GO:0031638","zymogen activation","1/7","51/11561",0.0304818129900151,0.103429617973022,0.0641509237826648,"CTSH",1
"BP","GO:0033619","membrane protein proteolysis","1/7","51/11561",0.0304818129900151,0.103429617973022,0.0641509237826648,"CTSH",1
"BP","GO:0002275","myeloid cell activation involved in immune response","2/7","475/11561",0.0308388424635699,0.103429617973022,0.0641509237826648,"CTSH/STX4",2
"BP","GO:0035773","insulin secretion involved in cellular response to glucose stimulus","1/7","52/11561",0.0310714417744695,0.103429617973022,0.0641509237826648,"STX4",1
"BP","GO:0048278","vesicle docking","1/7","52/11561",0.0310714417744695,0.103429617973022,0.0641509237826648,"STX4",1
"BP","GO:1902041","regulation of extrinsic apoptotic signaling pathway via death domain receptors","1/7","52/11561",0.0310714417744695,0.103429617973022,0.0641509237826648,"STX4",1
"BP","GO:0023061","signal release","2/7","477/11561",0.0310811905583902,0.103429617973022,0.0641509237826648,"DOC2A/STX4",2
"BP","GO:0040017","positive regulation of locomotion","2/7","481/11561",0.0315682845383316,0.103429617973022,0.0641509237826648,"CTSH/STX4",2
"BP","GO:1904377","positive regulation of protein localization to cell periphery","1/7","53/11561",0.0316607631670821,0.103429617973022,0.0641509237826648,"STX4",1
"BP","GO:0051272","positive regulation of cellular component movement","2/7","482/11561",0.0316905563486364,0.103429617973022,0.0641509237826648,"CTSH/STX4",2
"BP","GO:0002886","regulation of myeloid leukocyte mediated immunity","1/7","55/11561",0.0328384843109588,0.104502996271272,0.0648166732145048,"STX4",1
"BP","GO:0019229","regulation of vasoconstriction","1/7","55/11561",0.0328384843109588,0.104502996271272,0.0648166732145048,"ACE",1
"BP","GO:0002637","regulation of immunoglobulin production","1/7","56/11561",0.0334268843291946,0.104502996271272,0.0648166732145048,"STX4",1
"BP","GO:0034394","protein localization to cell surface","1/7","56/11561",0.0334268843291946,0.104502996271272,0.0648166732145048,"STX4",1
"BP","GO:0014910","regulation of smooth muscle cell migration","1/7","59/11561",0.0351902437699524,0.10886981666329,0.0675251388129569,"ACE",1
"BP","GO:0015909","long-chain fatty acid transport","1/7","61/11561",0.03636428421862,0.1102060450299,0.068353917704173,"ACE",1
"BP","GO:0072091","regulation of stem cell proliferation","1/7","61/11561",0.03636428421862,0.1102060450299,0.068353917704173,"ACE",1
"BP","GO:0032024","positive regulation of insulin secretion","1/7","63/11561",0.0375370999011991,0.112611299703597,0.0698457467592754,"STX4",1
"BP","GO:0140029","exocytic process","1/7","64/11561",0.038123048788022,0.113225454900425,0.0702266688200405,"STX4",1
"BP","GO:0014909","smooth muscle cell migration","1/7","65/11561",0.0387086918826104,0.113826549397379,0.0705994901454593,"ACE",1
"BP","GO:0042310","vasoconstriction","1/7","72/11561",0.0427996425282824,0.12118083663937,0.0751608946017715,"ACE",1
"BP","GO:0050886","endocrine process","1/7","75/11561",0.0445483334925636,0.12118083663937,0.0751608946017715,"ACE",1
"BP","GO:0060291","long-term synaptic potentiation","1/7","75/11561",0.0445483334925636,0.12118083663937,0.0751608946017715,"STX4",1
"BP","GO:0006919","activation of cysteine-type endopeptidase activity involved in apoptotic process","1/7","76/11561",0.045130621640357,0.12118083663937,0.0751608946017715,"CTSH",1
"BP","GO:0014812","muscle cell migration","1/7","76/11561",0.045130621640357,0.12118083663937,0.0751608946017715,"ACE",1
"BP","GO:0008625","extrinsic apoptotic signaling pathway via death domain receptors","1/7","77/11561",0.0457126055888564,0.12118083663937,0.0751608946017715,"STX4",1
"BP","GO:0061097","regulation of protein tyrosine kinase activity","1/7","77/11561",0.0457126055888564,0.12118083663937,0.0751608946017715,"ACE",1
"BP","GO:0097756","negative regulation of blood vessel diameter","1/7","77/11561",0.0457126055888564,0.12118083663937,0.0751608946017715,"ACE",1
"BP","GO:0032092","positive regulation of protein binding","1/7","79/11561",0.0468756614177078,0.12118083663937,0.0751608946017715,"ACE",1
"BP","GO:0045921","positive regulation of exocytosis","1/7","79/11561",0.0468756614177078,0.12118083663937,0.0751608946017715,"STX4",1
"BP","GO:0001656","metanephros development","1/7","80/11561",0.0474567335628112,0.12118083663937,0.0751608946017715,"CTSH",1
"BP","GO:0006906","vesicle fusion","1/7","80/11561",0.0474567335628112,0.12118083663937,0.0751608946017715,"STX4",1
"BP","GO:1903076","regulation of protein localization to plasma membrane","1/7","80/11561",0.0474567335628112,0.12118083663937,0.0751608946017715,"STX4",1
"BP","GO:0060218","hematopoietic stem cell differentiation","1/7","81/11561",0.0480375020381235,0.12118083663937,0.0751608946017715,"ACE",1
"BP","GO:0007009","plasma membrane organization","1/7","82/11561",0.048617966975905,0.12118083663937,0.0751608946017715,"STX4",1
"BP","GO:0006892","post-Golgi vesicle-mediated transport","1/7","83/11561",0.0491981285083704,0.12118083663937,0.0751608946017715,"STX4",1
"BP","GO:0015908","fatty acid transport","1/7","83/11561",0.0491981285083704,0.12118083663937,0.0751608946017715,"ACE",1
"BP","GO:0003073","regulation of systemic arterial blood pressure","1/7","84/11561",0.0497779867676875,0.12118083663937,0.0751608946017715,"ACE",1
"BP","GO:0032091","negative regulation of protein binding","1/7","84/11561",0.0497779867676875,0.12118083663937,0.0751608946017715,"ACE",1
"BP","GO:0090174","organelle membrane fusion","1/7","84/11561",0.0497779867676875,0.12118083663937,0.0751608946017715,"STX4",1
"BP","GO:0090277","positive regulation of peptide hormone secretion","1/7","84/11561",0.0497779867676875,0.12118083663937,0.0751608946017715,"STX4",1
"BP","GO:0002702","positive regulation of production of molecular mediator of immune response","1/7","85/11561",0.0503575418859785,0.121595040163704,0.0754177991445977,"STX4",1
"BP","GO:0001909","leukocyte mediated cytotoxicity","1/7","93/11561",0.0549830855948337,0.131693358239239,0.0816811543216969,"CTSH",1
"BP","GO:0002474","antigen processing and presentation of peptide antigen via MHC class I","1/7","94/11561",0.0555599183817921,0.132010366075138,0.0818777744573778,"ACE",1
"BP","GO:0002456","T cell mediated immunity","1/7","95/11561",0.0561364493464148,0.132321630602264,0.0820708323777994,"CTSH",1
"BP","GO:0032526","response to retinoic acid","1/7","97/11561",0.0572886063350723,0.133974142374145,0.083095782085683,"CTSH",1
"BP","GO:1904375","regulation of protein localization to cell periphery","1/7","98/11561",0.0578642326222019,0.134263102256203,0.0832750058296491,"STX4",1
"BP","GO:0002377","immunoglobulin production","1/7","100/11561",0.0590145814394554,0.134825620673217,0.0836239008251392,"STX4",1
"BP","GO:0072089","stem cell proliferation","1/7","100/11561",0.0590145814394554,0.134825620673217,0.0836239008251392,"ACE",1
"BP","GO:1905477","positive regulation of protein localization to membrane","1/7","106/11561",0.0624584072925418,0.141604175312099,0.0878282143527105,"STX4",1
"BP","GO:0048284","organelle fusion","1/7","109/11561",0.0641762651274659,0.144396596536798,0.0895601786069101,"STX4",1
"BP","GO:0071333","cellular response to glucose stimulus","1/7","110/11561",0.0647482845253097,0.144588274466293,0.0896790644394871,"STX4",1
"BP","GO:0071331","cellular response to hexose stimulus","1/7","112/11561",0.0658914242859417,0.146042932932274,0.0905812981150024,"STX4",1
"BP","GO:0071326","cellular response to monosaccharide stimulus","1/7","113/11561",0.0664625449104506,0.146217598802991,0.090689632431414,"STX4",1
"BP","GO:0046887","positive regulation of hormone secretion","1/7","115/11561",0.0676038883018101,0.147634961953218,0.0915687341549285,"STX4",1
"BP","GO:0043280","positive regulation of cysteine-type endopeptidase activity involved in apoptotic process","1/7","116/11561",0.0681741113301071,0.147793511423663,0.0916670724761332,"CTSH",1
"BP","GO:0002705","positive regulation of leukocyte mediated immunity","1/7","119/11561",0.0698829873131832,0.150400342260981,0.0932839266194284,"STX4",1
"BP","GO:0007043","cell-cell junction assembly","1/7","120/11561",0.0704520153754806,0.150534162349049,0.0933669268512617,"ACE",1
"BP","GO:0071322","cellular response to carbohydrate stimulus","1/7","121/11561",0.0710207450225721,0.150665437655028,0.0934483487139106,"STX4",1
"BP","GO:0001678","cellular glucose homeostasis","1/7","125/11561",0.0732926820667159,0.152661747641874,0.0946865349542016,"STX4",1
"BP","GO:0002700","regulation of production of molecular mediator of immune response","1/7","125/11561",0.0732926820667159,0.152661747641874,0.0946865349542016,"STX4",1
"BP","GO:0050921","positive regulation of chemotaxis","1/7","128/11561",0.0749935078764963,0.152661747641874,0.0946865349542016,"STX4",1
"BP","GO:0035150","regulation of tube size","1/7","129/11561",0.0755598548934528,0.152661747641874,0.0946865349542016,"ACE",1
"BP","GO:0035296","regulation of tube diameter","1/7","129/11561",0.0755598548934528,0.152661747641874,0.0946865349542016,"ACE",1
"BP","GO:0097746","regulation of blood vessel diameter","1/7","129/11561",0.0755598548934528,0.152661747641874,0.0946865349542016,"ACE",1
"BP","GO:2001056","positive regulation of cysteine-type endopeptidase activity","1/7","129/11561",0.0755598548934528,0.152661747641874,0.0946865349542016,"CTSH",1
"BP","GO:0061025","membrane fusion","1/7","130/11561",0.0761259046673983,0.152766173555522,0.0947513038178855,"STX4",1
"BP","GO:0010634","positive regulation of epithelial cell migration","1/7","132/11561",0.0772571130062759,0.153995721898416,0.0955139157619095,"CTSH",1
"BP","GO:0048754","branching morphogenesis of an epithelial tube","1/7","134/11561",0.078387133932712,0.15520652518677,0.0962649013208744,"CTSH",1
"BP","GO:0015718","monocarboxylic acid transport","1/7","137/11561",0.080079941196338,0.156543493188094,0.0970941389612494,"ACE",1
"BP","GO:0001906","cell killing","1/7","138/11561",0.0806436177029577,0.156543493188094,0.0970941389612494,"CTSH",1
"BP","GO:2001236","regulation of extrinsic apoptotic signaling pathway","1/7","138/11561",0.0806436177029577,0.156543493188094,0.0970941389612494,"STX4",1
"BP","GO:0051100","negative regulation of binding","1/7","139/11561",0.0812069981350753,0.156613496403359,0.0971375575778412,"ACE",1
"BP","GO:0140056","organelle localization by membrane tethering","1/7","141/11561",0.0823328712941866,0.157760404995958,0.0978489132528534,"STX4",1
"BP","GO:0002244","hematopoietic progenitor cell differentiation","1/7","143/11561",0.0834575617099843,0.158890357870932,0.0985497523565942,"ACE",1
"BP","GO:0045766","positive regulation of angiogenesis","1/7","146/11561",0.0851423819551143,0.159222390582237,0.0987556914828691,"CTSH",1
"BP","GO:0010950","positive regulation of endopeptidase activity","1/7","148/11561",0.086264120041731,0.159222390582237,0.0987556914828691,"CTSH",1
"BP","GO:0071346","cellular response to interferon-gamma","1/7","149/11561",0.0868245468497313,0.159222390582237,0.0987556914828691,"STX4",1
"BP","GO:0022406","membrane docking","1/7","150/11561",0.087384679006413,0.159222390582237,0.0987556914828691,"STX4",1
"BP","GO:0048771","tissue remodeling","1/7","150/11561",0.087384679006413,0.159222390582237,0.0987556914828691,"ACE",1
"BP","GO:0050714","positive regulation of protein secretion","1/7","150/11561",0.087384679006413,0.159222390582237,0.0987556914828691,"STX4",1
"BP","GO:0050806","positive regulation of synaptic transmission","1/7","150/11561",0.087384679006413,0.159222390582237,0.0987556914828691,"STX4",1
"BP","GO:0050796","regulation of insulin secretion","1/7","154/11561",0.0896222637014442,0.160737752035961,0.0996955754254585,"STX4",1
"BP","GO:0051099","positive regulation of binding","1/7","155/11561",0.0901809245372546,0.160737752035961,0.0996955754254585,"ACE",1
"BP","GO:2001235","positive regulation of apoptotic signaling pathway","1/7","157/11561",0.0912973647056728,0.160737752035961,0.0996955754254585,"CTSH",1
"BP","GO:0030324","lung development","1/7","158/11561",0.0918551442959097,0.160737752035961,0.0996955754254585,"CTSH",1
"BP","GO:0048167","regulation of synaptic plasticity","1/7","161/11561",0.0935267226355554,0.160737752035961,0.0996955754254585,"STX4",1
"BP","GO:1901888","regulation of cell junction assembly","1/7","161/11561",0.0935267226355554,0.160737752035961,0.0996955754254585,"ACE",1
"BP","GO:1905475","regulation of protein localization to membrane","1/7","161/11561",0.0935267226355554,0.160737752035961,0.0996955754254585,"STX4",1
"BP","GO:0030323","respiratory tube development","1/7","162/11561",0.094083329033937,0.160737752035961,0.0996955754254585,"CTSH",1
"BP","GO:0009749","response to glucose","1/7","163/11561",0.0946396424558832,0.160737752035961,0.0996955754254585,"STX4",1
"BP","GO:0034341","response to interferon-gamma","1/7","164/11561",0.0951956630299146,0.160737752035961,0.0996955754254585,"STX4",1
"BP","GO:0061138","morphogenesis of a branching epithelium","1/7","164/11561",0.0951956630299146,0.160737752035961,0.0996955754254585,"CTSH",1
"BP","GO:1904018","positive regulation of vasculature development","1/7","164/11561",0.0951956630299146,0.160737752035961,0.0996955754254585,"CTSH",1
"BP","GO:0008217","regulation of blood pressure","1/7","165/11561",0.095751390884507,0.160737752035961,0.0996955754254585,"ACE",1
"BP","GO:0002793","positive regulation of peptide secretion","1/7","167/11561",0.0968619689490535,0.160737752035961,0.0996955754254585,"STX4",1
"BP","GO:0050731","positive regulation of peptidyl-tyrosine phosphorylation","1/7","167/11561",0.0968619689490535,0.160737752035961,0.0996955754254585,"ACE",1
"BP","GO:0009746","response to hexose","1/7","168/11561",0.0974168194157338,0.160737752035961,0.0996955754254585,"STX4",1
"BP","GO:0010952","positive regulation of peptidase activity","1/7","168/11561",0.0974168194157338,0.160737752035961,0.0996955754254585,"CTSH",1
"BP","GO:0003018","vascular process in circulatory system","1/7","169/11561",0.0979713776764283,0.160759663922095,0.0997091659981096,"ACE",1
"BP","GO:0045216","cell-cell junction organization","1/7","171/11561",0.0990796180928153,0.16168487128333,0.100283014263983,"ACE",1
"BP","GO:0034284","response to monosaccharide","1/7","173/11561",0.100186691223679,0.162598072641708,0.100849415957111,"STX4",1
"BP","GO:0001763","morphogenesis of a branching structure","1/7","175/11561",0.101292598093762,0.162615684507283,0.100860339495923,"CTSH",1
"BP","GO:0048002","antigen processing and presentation of peptide antigen","1/7","175/11561",0.101292598093762,0.162615684507283,0.100860339495923,"ACE",1
"BP","GO:0060541","respiratory system development","1/7","179/11561",0.103500917146965,0.165213480632277,0.102471589972173,"CTSH",1
"BP","GO:0030073","insulin secretion","1/7","181/11561",0.104603331375973,0.165213480632277,0.102471589972173,"STX4",1
"BP","GO:0090276","regulation of peptide hormone secretion","1/7","181/11561",0.104603331375973,0.165213480632277,0.102471589972173,"STX4",1
"BP","GO:0043393","regulation of protein binding","1/7","182/11561",0.105154102613264,0.165213480632277,0.102471589972173,"ACE",1
"BP","GO:0002703","regulation of leukocyte mediated immunity","1/7","183/11561",0.105704583435982,0.165213480632277,0.102471589972173,"STX4",1
"BP","GO:0042445","hormone metabolic process","1/7","184/11561",0.106254773971748,0.165213480632277,0.102471589972173,"ACE",1
"BP","GO:0043281","regulation of cysteine-type endopeptidase activity involved in apoptotic process","1/7","185/11561",0.106804674348139,0.165213480632277,0.102471589972173,"CTSH",1
"BP","GO:0002440","production of molecular mediator of immune response","1/7","187/11561",0.107903605132875,0.166048552976496,0.102989533123824,"STX4",1
"BP","GO:0002699","positive regulation of immune effector process","1/7","191/11561",0.110097990398217,0.168552078083868,0.104542313183331,"STX4",1
"BP","GO:0050920","regulation of chemotaxis","1/7","196/11561",0.112834464411579,0.171855568873021,0.106591261927268,"STX4",1
"BP","GO:0009743","response to carbohydrate","1/7","199/11561",0.114472884219186,0.172315607467007,0.106876595097381,"STX4",1
"BP","GO:0033500","carbohydrate homeostasis","1/7","200/11561",0.115018447483617,0.172315607467007,0.106876595097381,"STX4",1
"BP","GO:0042593","glucose homeostasis","1/7","200/11561",0.115018447483617,0.172315607467007,0.106876595097381,"STX4",1
"BP","GO:0046777","protein autophosphorylation","1/7","202/11561",0.116108709766549,0.172315607467007,0.106876595097381,"ACE",1
"BP","GO:0097191","extrinsic apoptotic signaling pathway","1/7","203/11561",0.116653409038636,0.172315607467007,0.106876595097381,"STX4",1
"BP","GO:0010632","regulation of epithelial cell migration","1/7","204/11561",0.117197820566786,0.172315607467007,0.106876595097381,"CTSH",1
"BP","GO:2000116","regulation of cysteine-type endopeptidase activity","1/7","204/11561",0.117197820566786,0.172315607467007,0.106876595097381,"CTSH",1
"BP","GO:0001894","tissue homeostasis","1/7","209/11561",0.119915566480771,0.175442971649207,0.108816303521571,"CTSH",1
"BP","GO:0030072","peptide hormone secretion","1/7","219/11561",0.125329550253806,0.182357094624206,0.11310470160991,"STX4",1
"BP","GO:0050730","regulation of peptidyl-tyrosine phosphorylation","1/7","220/11561",0.125869375077314,0.182357094624206,0.11310470160991,"ACE",1
"BP","GO:0072659","protein localization to plasma membrane","1/7","223/11561",0.127487136473,0.183804269575151,0.11400229372905,"STX4",1
"BP","GO:0048863","stem cell differentiation","1/7","225/11561",0.12856421776645,0.184461703751862,0.114410059034471,"ACE",1
"BP","GO:0002449","lymphocyte mediated immunity","1/7","229/11561",0.130714961751809,0.186645882885996,0.115764768757928,"CTSH",1
"BP","GO:0002460","adaptive immune response based on somatic recombination of immune receptors built from immunoglobulin superfamily domains","1/7","234/11561",0.133396992217836,0.188661460422368,0.117014905454242,"CTSH",1
"BP","GO:0046883","regulation of hormone secretion","1/7","234/11561",0.133396992217836,0.188661460422368,0.117014905454242,"STX4",1
"BP","GO:0031647","regulation of protein stability","1/7","242/11561",0.137673487920576,0.193454060805496,0.119987455753896,"CTSH",1
"BP","GO:0060047","heart contraction","1/7","243/11561",0.138206775806834,0.193454060805496,0.119987455753896,"ACE",1
"BP","GO:0032943","mononuclear cell proliferation","1/7","244/11561",0.138739780981719,0.193454060805496,0.119987455753896,"ACE",1
"BP","GO:0003015","heart process","1/7","253/11561",0.143524126138772,0.198612025775928,0.123186618858009,"ACE",1
"BP","GO:0070371","ERK1 and ERK2 cascade","1/7","255/11561",0.144584214646305,0.198612025775928,0.123186618858009,"CTSH",1
"BP","GO:0034599","cellular response to oxidative stress","1/7","256/11561",0.145113837014735,0.198612025775928,0.123186618858009,"STX4",1
"BP","GO:1903522","regulation of blood circulation","1/7","256/11561",0.145113837014735,0.198612025775928,0.123186618858009,"ACE",1
"BP","GO:0010631","epithelial cell migration","1/7","260/11561",0.14722951682116,0.200583332549929,0.124409297169015,"CTSH",1
"BP","GO:0090132","epithelium migration","1/7","262/11561",0.148285672663572,0.200702324411865,0.124483100379501,"CTSH",1
"BP","GO:0016050","vesicle organization","1/7","264/11561",0.149340707123121,0.200702324411865,0.124483100379501,"STX4",1
"BP","GO:0045765","regulation of angiogenesis","1/7","267/11561",0.150921158390203,0.200702324411865,0.124483100379501,"CTSH",1
"BP","GO:0070661","leukocyte proliferation","1/7","267/11561",0.150921158390203,0.200702324411865,0.124483100379501,"ACE",1
"BP","GO:0090130","tissue migration","1/7","268/11561",0.151447415862424,0.200702324411865,0.124483100379501,"CTSH",1
"BP","GO:1990778","protein localization to cell periphery","1/7","269/11561",0.151973393732695,0.200702324411865,0.124483100379501,"STX4",1
"BP","GO:0046942","carboxylic acid transport","1/7","272/11561",0.153549650969634,0.200702324411865,0.124483100379501,"ACE",1
"BP","GO:0060562","epithelial tube morphogenesis","1/7","272/11561",0.153549650969634,0.200702324411865,0.124483100379501,"CTSH",1
"BP","GO:0015849","organic acid transport","1/7","273/11561",0.154074511669714,0.200702324411865,0.124483100379501,"ACE",1
"BP","GO:0046879","hormone secretion","1/7","273/11561",0.154074511669714,0.200702324411865,0.124483100379501,"STX4",1
"BP","GO:1903532","positive regulation of secretion by cell","1/7","275/11561",0.155123396243373,0.201186238795991,0.124783242209103,"STX4",1
"BP","GO:0009914","hormone transport","1/7","281/11561",0.158263364245015,0.204366170351171,0.126755554887312,"STX4",1
"BP","GO:0002696","positive regulation of leukocyte activation","1/7","285/11561",0.160351114682712,0.206165718877773,0.127871702298813,"STX4",1
"BP","GO:0006869","lipid transport","1/7","287/11561",0.161393324389682,0.206611281654033,0.128148057024476,"ACE",1
"BP","GO:0050708","regulation of protein secretion","1/7","291/11561",0.163474417701447,0.20748676092876,0.128691062068166,"STX4",1
"BP","GO:1903829","positive regulation of cellular protein localization","1/7","291/11561",0.163474417701447,0.20748676092876,0.128691062068166,"STX4",1
"BP","GO:1901342","regulation of vasculature development","1/7","296/11561",0.166069558036827,0.209177009443865,0.129739417517903,"CTSH",1
"BP","GO:0048193","Golgi vesicle transport","1/7","297/11561",0.166587757157444,0.209177009443865,0.129739417517903,"STX4",1
"BP","GO:0050867","positive regulation of cell activation","1/7","298/11561",0.167105680248699,0.209177009443865,0.129739417517903,"STX4",1
"BP","GO:0051047","positive regulation of secretion","1/7","299/11561",0.167623327433131,0.209177009443865,0.129739417517903,"STX4",1
"BP","GO:0062197","cellular response to chemical stress","1/7","301/11561",0.168657794571461,0.209353585778144,0.129848936775386,"STX4",1
"BP","GO:0045862","positive regulation of proteolysis","1/7","302/11561",0.169174614770218,0.209353585778144,0.129848936775386,"CTSH",1
"BP","GO:0051222","positive regulation of protein transport","1/7","310/11561",0.173299271613924,0.213567982030438,0.132462863212215,"STX4",1
"BP","GO:0002791","regulation of peptide secretion","1/7","316/11561",0.176381234353304,0.21639444727813,0.134215942844844,"STX4",1
"BP","GO:0051098","regulation of binding","1/7","318/11561",0.177406364298602,0.21639444727813,0.134215942844844,"ACE",1
"BP","GO:0018108","peptidyl-tyrosine phosphorylation","1/7","320/11561",0.178430400383116,0.21639444727813,0.134215942844844,"ACE",1
"BP","GO:0018212","peptidyl-tyrosine modification","1/7","322/11561",0.179453343579686,0.21639444727813,0.134215942844844,"ACE",1
"BP","GO:0010876","lipid localization","1/7","323/11561",0.179964405648815,0.21639444727813,0.134215942844844,"ACE",1
"BP","GO:1904951","positive regulation of establishment of protein localization","1/7","323/11561",0.179964405648815,0.21639444727813,0.134215942844844,"STX4",1
"BP","GO:0010256","endomembrane system organization","1/7","328/11561",0.182515625559745,0.218577180609856,0.135569755827485,"STX4",1
"BP","GO:0052548","regulation of endopeptidase activity","1/7","335/11561",0.186075902287,0.221945955739916,0.137659196365356,"CTSH",1
"BP","GO:0007283","spermatogenesis","1/7","340/11561",0.188610812567464,0.224069645330147,0.138976388207605,"ACE",1
"BP","GO:0034329","cell junction assembly","1/7","349/11561",0.193156600836473,0.227622442141732,0.141179965886241,"ACE",1
"BP","GO:0002697","regulation of immune effector process","1/7","350/11561",0.193660338242301,0.227622442141732,0.141179965886241,"STX4",1
"BP","GO:0002764","immune response-regulating signaling pathway","1/7","351/11561",0.194163806053585,0.227622442141732,0.141179965886241,"CTSH",1
"BP","GO:0048232","male gamete generation","1/7","352/11561",0.194667004390572,0.227622442141732,0.141179965886241,"ACE",1
"BP","GO:0001667","ameboidal-type cell migration","1/7","359/11561",0.198181857560938,0.229921920685932,0.142606188623208,"CTSH",1
"BP","GO:0052547","regulation of peptidase activity","1/7","359/11561",0.198181857560938,0.229921920685932,0.142606188623208,"CTSH",1
"BP","GO:0002250","adaptive immune response","1/7","368/11561",0.202681627233636,0.233801331537692,0.145012344565288,"CTSH",1
"BP","GO:0009306","protein secretion","1/7","371/11561",0.204176732292299,0.233801331537692,0.145012344565288,"STX4",1
"BP","GO:0035592","establishment of protein localization to extracellular region","1/7","372/11561",0.204674566329293,0.233801331537692,0.145012344565288,"STX4",1
"BP","GO:0045785","positive regulation of cell adhesion","1/7","372/11561",0.204674566329293,0.233801331537692,0.145012344565288,"STX4",1
"BP","GO:0060249","anatomical structure homeostasis","1/7","376/11561",0.206663234080138,0.234501226882878,0.145446445878092,"CTSH",1
"BP","GO:0071692","protein localization to extracellular region","1/7","377/11561",0.207159734514777,0.234501226882878,0.145446445878092,"STX4",1
"BP","GO:0006979","response to oxidative stress","1/7","378/11561",0.207655968586522,0.234501226882878,0.145446445878092,"STX4",1
"BP","GO:0050804","modulation of chemical synaptic transmission","1/7","382/11561",0.209638243625777,0.234622349088616,0.145521570407612,"STX4",1
"BP","GO:0099177","regulation of trans-synaptic signaling","1/7","383/11561",0.210133147668592,0.234622349088616,0.145521570407612,"STX4",1
"BP","GO:1903706","regulation of hemopoiesis","1/7","383/11561",0.210133147668592,0.234622349088616,0.145521570407612,"ACE",1
"BP","GO:0015711","organic anion transport","1/7","391/11561",0.214082826624937,0.238137076807514,0.147701536208807,"ACE",1
"BP","GO:0002790","peptide secretion","1/7","404/11561",0.220464950352833,0.244321232293998,0.151537181114477,"STX4",1
"BP","GO:0043312","neutrophil degranulation","1/7","418/11561",0.227288276309485,0.250946535553595,0.155646442395461,"CTSH",1
"BP","GO:0002283","neutrophil activation involved in immune response","1/7","421/11561",0.228743737966681,0.25161811176335,0.156062979119568,"CTSH",1
"BP","GO:0042119","neutrophil activation","1/7","430/11561",0.233096032789585,0.253707746451431,0.157359048835727,"CTSH",1
"BP","GO:0032103","positive regulation of response to external stimulus","1/7","431/11561",0.233578318996617,0.253707746451431,0.157359048835727,"STX4",1
"BP","GO:0090066","regulation of anatomical structure size","1/7","431/11561",0.233578318996617,0.253707746451431,0.157359048835727,"ACE",1
"BP","GO:0048871","multicellular organismal homeostasis","1/7","432/11561",0.234060345211084,0.253707746451431,0.157359048835727,"CTSH",1
"BP","GO:0002694","regulation of leukocyte activation","1/7","441/11561",0.238386900735459,0.257457852794296,0.159685005277341,"STX4",1
"BP","GO:0001525","angiogenesis","1/7","454/11561",0.244599379785482,0.263210202160464,0.163252827850722,"CTSH",1
"BP","GO:0002009","morphogenesis of an epithelium","1/7","457/11561",0.246026843918499,0.263416640188774,0.163380868449532,"CTSH",1
"BP","GO:0007276","gamete generation","1/7","460/11561",0.247451995328848,0.263416640188774,0.163380868449532,"ACE",1
"BP","GO:0045860","positive regulation of protein kinase activity","1/7","460/11561",0.247451995328848,0.263416640188774,0.163380868449532,"ACE",1
"BP","GO:1903827","regulation of cellular protein localization","1/7","466/11561",0.250295372471491,0.265491877228689,0.164668008204928,"STX4",1
"BP","GO:0008015","blood circulation","1/7","476/11561",0.255013872327097,0.269073910581021,0.166889719481406,"ACE",1
"BP","GO:0050865","regulation of cell activation","1/7","477/11561",0.255484319137535,0.269073910581021,0.166889719481406,"STX4",1
"BP","GO:0010608","posttranscriptional regulation of gene expression","1/7","481/11561",0.257363560901425,0.2700953271651,0.16752324031151,"ACE",1
"BP","GO:0003013","circulatory system process","1/7","494/11561",0.263443045151363,0.275502057781531,0.170876697188616,"ACE",1
"BP","GO:0006914","autophagy","0/7","406/11561",1,1,0.620237462342725,"",0
"BP","GO:0007281","germ cell development","0/7","168/11561",1,1,0.620237462342725,"",0
"BP","GO:0007286","spermatid development","0/7","89/11561",1,1,0.620237462342725,"",0
"BP","GO:0010506","regulation of autophagy","0/7","277/11561",1,1,0.620237462342725,"",0
"BP","GO:0016197","endosomal transport","0/7","180/11561",1,1,0.620237462342725,"",0
"BP","GO:0016236","macroautophagy","0/7","235/11561",1,1,0.620237462342725,"",0
"BP","GO:0016241","regulation of macroautophagy","0/7","140/11561",1,1,0.620237462342725,"",0
"BP","GO:0016482","cytosolic transport","0/7","125/11561",1,1,0.620237462342725,"",0
"BP","GO:0019216","regulation of lipid metabolic process","0/7","347/11561",1,1,0.620237462342725,"",0
"BP","GO:0022412","cellular process involved in reproduction in multicellular organism","0/7","237/11561",1,1,0.620237462342725,"",0
"BP","GO:0042147","retrograde transport, endosome to Golgi","0/7","64/11561",1,1,0.620237462342725,"",0
"BP","GO:0048515","spermatid differentiation","0/7","93/11561",1,1,0.620237462342725,"",0
"BP","GO:0061919","process utilizing autophagic mechanism","0/7","406/11561",1,1,0.620237462342725,"",0
"CC","GO:0008021","synaptic vesicle","2/7","160/11841",0.00364444438296475,0.0942377873862736,0.0654282510408618,"DOC2A/STX4",2
"CC","GO:0070382","exocytic vesicle","2/7","168/11841",0.00401011861218186,0.0942377873862736,0.0654282510408618,"DOC2A/STX4",2
"CC","GO:0042599","lamellar body","1/7","12/11841",0.0070742511374744,0.110829934487099,0.0769479948286689,"CTSH",1
"CC","GO:0030133","transport vesicle","2/7","320/11841",0.0139752416562298,0.114874409502493,0.0797560289938919,"DOC2A/STX4",2
"CC","GO:0048787","presynaptic active zone membrane","1/7","28/11841",0.0164398293368868,0.114874409502493,0.0797560289938919,"STX4",1
"CC","GO:0031904","endosome lumen","1/7","30/11841",0.0176051848891108,0.114874409502493,0.0797560289938919,"CTSH",1
"CC","GO:0031312","extrinsic component of organelle membrane","1/7","37/11841",0.0216746142365828,0.114874409502493,0.0797560289938919,"DOC2A",1
"CC","GO:0043209","myelin sheath","1/7","37/11841",0.0216746142365828,0.114874409502493,0.0797560289938919,"STX4",1
"CC","GO:0031201","SNARE complex","1/7","40/11841",0.0234142271394815,0.114874409502493,0.0797560289938919,"STX4",1
"CC","GO:0098793","presynapse","2/7","435/11841",0.0250143757021269,0.114874409502493,0.0797560289938919,"DOC2A/STX4",2
"CC","GO:0005771","multivesicular body","1/7","46/11841",0.0268855000963281,0.114874409502493,0.0797560289938919,"CTSH",1
"CC","GO:1904724","tertiary granule lumen","1/7","51/11841",0.0297701434441254,0.116599728489491,0.0809538988392884,"CTSH",1
"CC","GO:0030670","phagocytic vesicle membrane","1/7","63/11841",0.0366634000849401,0.128847613077393,0.0894574693258496,"STX4",1
"CC","GO:0048786","presynaptic active zone","1/7","66/11841",0.0383801400656064,0.128847613077393,0.0894574693258496,"STX4",1
"CC","GO:0030672","synaptic vesicle membrane","1/7","78/11841",0.0452209035880825,0.132836404289992,0.0922268428441156,"DOC2A",1
"CC","GO:0099501","exocytic vesicle membrane","1/7","78/11841",0.0452209035880825,0.132836404289992,0.0922268428441156,"DOC2A",1
"CC","GO:0101002","ficolin-1-rich granule","1/7","115/11841",0.066051337270403,0.164396856622275,0.114138915012106,"CTSH",1
"CC","GO:1904813","ficolin-1-rich granule lumen","1/7","115/11841",0.066051337270403,0.164396856622275,0.114138915012106,"CTSH",1
"CC","GO:0045335","phagocytic vesicle","1/7","117/11841",0.0671661194459504,0.164396856622275,0.114138915012106,"STX4",1
"CC","GO:0042734","presynaptic membrane","1/7","136/11841",0.0776997933241202,0.164396856622275,0.114138915012106,"STX4",1
"CC","GO:0030666","endocytic vesicle membrane","1/7","139/11841",0.079353648658167,0.164396856622275,0.114138915012106,"STX4",1
"CC","GO:0042581","specific granule","1/7","139/11841",0.079353648658167,0.164396856622275,0.114138915012106,"STX4",1
"CC","GO:0070820","tertiary granule","1/7","142/11841",0.0810049613384541,0.164396856622275,0.114138915012106,"CTSH",1
"CC","GO:0043197","dendritic spine","1/7","155/11841",0.0881313472643632,0.164396856622275,0.114138915012106,"STX4",1
"CC","GO:0044309","neuron spine","1/7","157/11841",0.089223498861285,0.164396856622275,0.114138915012106,"STX4",1
"CC","GO:0030658","transport vesicle membrane","1/7","161/11841",0.0914044388106108,0.164396856622275,0.114138915012106,"DOC2A",1
"CC","GO:0030027","lamellipodium","1/7","170/11841",0.0962951929353227,0.164396856622275,0.114138915012106,"STX4",1
"CC","GO:0036464","cytoplasmic ribonucleoprotein granule","1/7","176/11841",0.0995431445796608,0.164396856622275,0.114138915012106,"CTSH",1
"CC","GO:0005802","trans-Golgi network","1/7","185/11841",0.104396309835155,0.164396856622275,0.114138915012106,"STX4",1
"CC","GO:0035770","ribonucleoprotein granule","1/7","186/11841",0.104934163801452,0.164396856622275,0.114138915012106,"CTSH",1
"CC","GO:0016323","basolateral plasma membrane","1/7","203/11841",0.114035414253259,0.169836342556018,0.117915489792532,"STX4",1
"CC","GO:0005770","late endosome","1/7","206/11841",0.115633254506225,0.169836342556018,0.117915489792532,"CTSH",1
"CC","GO:0019898","extrinsic component of membrane","1/7","240/11841",0.133570202763042,0.190236349389787,0.132078988378128,"DOC2A",1
"CC","GO:0030139","endocytic vesicle","1/7","263/11841",0.145526405554823,0.190273333444895,0.132104665997576,"STX4",1
"CC","GO:0098791","Golgi apparatus subcompartment","1/7","267/11841",0.147591241141201,0.190273333444895,0.132104665997576,"STX4",1
"CC","GO:0031984","organelle subcompartment","1/7","285/11841",0.156830163395933,0.190273333444895,0.132104665997576,"STX4",1
"CC","GO:0034774","secretory granule lumen","1/7","290/11841",0.159381245958023,0.190273333444895,0.132104665997576,"CTSH",1
"CC","GO:0060205","cytoplasmic vesicle lumen","1/7","294/11841",0.161417345831065,0.190273333444895,0.132104665997576,"CTSH",1
"CC","GO:0031983","vesicle lumen","1/7","296/11841",0.162433809562811,0.190273333444895,0.132104665997576,"CTSH",1
"CC","GO:0009897","external side of plasma membrane","1/7","298/11841",0.16344921704552,0.190273333444895,0.132104665997576,"ACE",1
"CC","GO:0098978","glutamatergic synapse","1/7","303/11841",0.165983120664696,0.190273333444895,0.132104665997576,"STX4",1
"CC","GO:0097060","synaptic membrane","1/7","316/11841",0.172540503919221,0.19308104010008,0.1340540256014,"STX4",1
"CC","GO:0062023","collagen-containing extracellular matrix","1/7","356/11841",0.192440657928905,0.206087370820189,0.143084176829247,"CTSH",1
"CC","GO:0031252","cell leading edge","1/7","357/11841",0.192932857789113,0.206087370820189,0.143084176829247,"STX4",1
"CC","GO:0031012","extracellular matrix","1/7","450/11841",0.237598299372121,0.24815822378866,0.172293503638263,"CTSH",1
"CC","GO:0098552","side of membrane","1/7","465/11841",0.244600103562311,0.249917497118014,0.173514947607132,"ACE",1
"CC","GO:0001669","acrosomal vesicle","0/7","66/11841",1,1,0.694288913773796,"",0
"MF","GO:0004177","aminopeptidase activity","2/7","40/11705",0.000236556269152996,0.00827946942035485,0.00273907259019258,"CTSH/ACE",2
"MF","GO:0008238","exopeptidase activity","2/7","77/11705",0.000878070531527617,0.0153662343017333,0.00508356623515989,"CTSH/ACE",2
"MF","GO:0008236","serine-type peptidase activity","2/7","136/11705",0.0027088006523327,0.0250933417660349,0.00830155667447772,"CTSH/ACE",2
"MF","GO:0017171","serine hydrolase activity","2/7","140/11705",0.00286781048754685,0.0250933417660349,0.00830155667447772,"CTSH/ACE",2
"MF","GO:0060229","lipase activator activity","1/7","10/11705",0.00596656989455047,0.0278297244537489,0.00920682613507483,"STX4",1
"MF","GO:0070008","serine-type exopeptidase activity","1/7","10/11705",0.00596656989455047,0.0278297244537489,0.00920682613507483,"ACE",1
"MF","GO:0031404","chloride ion binding","1/7","11/11705",0.0065615450130404,0.0278297244537489,0.00920682613507483,"ACE",1
"MF","GO:0031434","mitogen-activated protein kinase kinase binding","1/7","11/11705",0.0065615450130404,0.0278297244537489,0.00920682613507483,"ACE",1
"MF","GO:0016805","dipeptidase activity","1/7","12/11705",0.00715621485953544,0.0278297244537489,0.00920682613507483,"ACE",1
"MF","GO:0008656","cysteine-type endopeptidase activator activity involved in apoptotic process","1/7","15/11705",0.00893839407218755,0.0312843792526564,0.0103497194520066,"CTSH",1
"MF","GO:0016505","peptidase activator activity involved in apoptotic process","1/7","18/11705",0.0107178305335083,0.0341021880611627,0.0112819268773771,"CTSH",1
"MF","GO:0004175","endopeptidase activity","2/7","311/11705",0.0135282702996824,0.0394574550407404,0.0130535941488164,"CTSH/ACE",2
"MF","GO:0005484","SNAP receptor activity","1/7","31/11705",0.0183971136099818,0.0418464178750462,0.0138439277180604,"STX4",1
"MF","GO:0051019","mitogen-activated protein kinase binding","1/7","31/11705",0.0183971136099818,0.0418464178750462,0.0138439277180604,"ACE",1
"MF","GO:0005544","calcium-dependent phospholipid binding","1/7","32/11705",0.0189857053698527,0.0418464178750462,0.0138439277180604,"DOC2A",1
"MF","GO:0004180","carboxypeptidase activity","1/7","34/11705",0.0201619813989019,0.0418464178750462,0.0138439277180604,"ACE",1
"MF","GO:0016504","peptidase activator activity","1/7","35/11705",0.0207496659272376,0.0418464178750462,0.0138439277180604,"CTSH",1
"MF","GO:0008047","enzyme activator activity","2/7","397/11705",0.0215210149071666,0.0418464178750462,0.0138439277180604,"CTSH/STX4",2
"MF","GO:0043028","cysteine-type endopeptidase regulator activity involved in apoptotic process","1/7","39/11705",0.0230973838207505,0.0425478123013826,0.0140759679794048,"CTSH",1
"MF","GO:0008233","peptidase activity","2/7","441/11705",0.0262278318749162,0.0458987057811033,0.0151845342433725,"CTSH/ACE",2
"MF","GO:0008235","metalloexopeptidase activity","1/7","51/11705",0.0301116137187306,0.050186022864551,0.0166028947822575,"ACE",1
"MF","GO:0004197","cysteine-type endopeptidase activity","1/7","75/11705",0.0440106585274959,0.0700169567482889,0.0231635044881557,"CTSH",1
"MF","GO:0042562","hormone binding","1/7","80/11705",0.0468847010645591,0.0708831216566505,0.0234500552849069,"CTSH",1
"MF","GO:0000149","SNARE binding","1/7","83/11705",0.0486055691359889,0.0708831216566505,0.0234500552849069,"STX4",1
"MF","GO:0008234","cysteine-type peptidase activity","1/7","92/11705",0.0537522038041677,0.0738939571330601,0.0244461211568018,"CTSH",1
"MF","GO:0008144","drug binding","1/7","94/11705",0.0548926538702732,0.0738939571330601,0.0244461211568018,"ACE",1
"MF","GO:0140375","immune receptor activity","1/7","117/11705",0.0679233903201382,0.0880488393038828,0.0291289393185778,"CTSH",1
"MF","GO:0004252","serine-type endopeptidase activity","1/7","122/11705",0.0707356884261247,0.0884196105326558,0.0292516004769688,"CTSH",1
"MF","GO:0008237","metallopeptidase activity","1/7","147/11705",0.0846883477031291,0.102210074814121,0.0338138593370025,"ACE",1
"MF","GO:0061134","peptidase regulator activity","1/7","171/11705",0.0979135753974736,0.114232504630386,0.0377912045393758,"CTSH",1
"MF","GO:0030674","protein-macromolecule adaptor activity","1/7","201/11705",0.11421450122534,0.128951856222158,0.0426607644644734,"STX4",1
"MF","GO:0001664","G protein-coupled receptor binding","1/7","225/11705",0.12707282574581,0.13898590315948,0.0459802987896023,"ACE",1
"MF","GO:0060090","molecular adaptor activity","1/7","248/11705",0.139244922827317,0.147684009059275,0.0488578676587076,"STX4",1
"MF","GO:0005543","phospholipid binding","1/7","336/11705",0.184483217367963,0.189909194349374,0.0628271018900185,"DOC2A",1
"MF","GO:0035091","phosphatidylinositol binding","0/7","189/11705",1,1,0.330827067669173,"",0
